Country Name,Country Code,Series Name,Series Code,1970 [YR1970],1971 [YR1971],1972 [YR1972],1973 [YR1973],1974 [YR1974],1975 [YR1975],1976 [YR1976],1977 [YR1977],1978 [YR1978],1979 [YR1979],1980 [YR1980],1981 [YR1981],1982 [YR1982],1983 [YR1983],1984 [YR1984],1985 [YR1985],1986 [YR1986],1987 [YR1987],1988 [YR1988],1989 [YR1989],1990 [YR1990],1991 [YR1991],1992 [YR1992],1993 [YR1993],1994 [YR1994],1995 [YR1995],1996 [YR1996],1997 [YR1997],1998 [YR1998],1999 [YR1999],2000 [YR2000],2001 [YR2001],2002 [YR2002],2003 [YR2003],2004 [YR2004],2005 [YR2005],2006 [YR2006],2007 [YR2007],2008 [YR2008],2009 [YR2009],2010 [YR2010],2011 [YR2011],2012 [YR2012],2013 [YR2013],2014 [YR2014],2015 [YR2015],2016 [YR2016],2017 [YR2017],2018 [YR2018],2019 [YR2019]
Afghanistan,AFG,"UIS: Mean years of schooling (ISCED 1 or higher), population 25+ years, both sexes",UIS.EA.MEAN.1T6.AG25T99,..,..,..,..,..,0.74643,..,..,..,0.83322,..,..,..,..,..,..,..,..,..,..,..,..,..,..,..,..,..,..,..,..,..,..,..,..,..,..,..,..,..,..,..,..,..,..,..,..,..,..,..,..
Albania,ALB,"UIS: Mean years of schooling (ISCED 1 or higher), population 25+ years, both sexes",UIS.EA.MEAN.1T6.AG25T99,..,..,..,..,..,..,..,..,..,..,..,..,..,..,..,..,..,..,..,..,..,..,..,..,..,..,..,..,..,..,..,8.74141,..,..,..,..,..,..,9.16803,..,..,9.90485,10.14573,..,..,..,..,..,..,..
Algeria,DZA,"UIS: Mean years of schooling (ISCED 1 or higher), population 25+ years, both sexes",UIS.EA.MEAN.1T6.AG25T99,..,0.8955,..,..,..,..,..,..,..,..,..,..,..,..,..,..,..,..,..,..,..,..,..,..,..,..,..,..,..,..,..,..,..,..,..,..,..,..,7.40254,..,..,..,..,..,..,..,..,..,..,..
American Samoa,ASM,"UIS: Mean years of schooling (ISCED 1 or higher), population 25+ years, both sexes",UIS.EA.MEAN.1T6.AG25T99,..,..,..,..,..,..,..,..,..,..,..,..,..,..,..,..,..,..,..,..,..,..,..,..,..,..,..,..,..,..,..,..,..,..,..,..,..,..,..,..,..,..,..,..,..,..,..,..,..,..
Andorra,AND,"UIS: Mean years of schooling (ISCED 1 or higher), population 25+ years, both sexes",UIS.EA.MEAN.1T6.AG25T99,..,..,..,..,..,..,..,..,..,..,..,..,..,..,..,..,..,..,..,..,..,..,..,..,..,..,..,..,..,..,..,..,..,10.13419,10.51522,9.8935,10.21304,..,..,..,..,..,..,..,10.59014,10.51871,10.50176,..,..,..
Angola,AGO,"UIS: Mean years of schooling (ISCED 1 or higher), population 25+ years, both sexes",UIS.EA.MEAN.1T6.AG25T99,..,..,..,..,..,..,..,..,..,..,..,..,..,..,..,..,..,..,..,..,..,..,..,..,..,..,..,..,..,..,..,..,..,..,..,..,..,..,..,..,..,..,..,..,3.99596,..,..,..,..,..
Antigua and Barbuda,ATG,"UIS: Mean years of schooling (ISCED 1 or higher), population 25+ years, both sexes",UIS.EA.MEAN.1T6.AG25T99,..,..,..,..,..,..,..,..,..,..,..,..,..,..,..,..,..,..,..,..,..,..,..,..,..,..,..,..,..,..,..,..,..,..,..,..,..,..,..,..,..,..,..,..,..,..,..,..,..,..
Argentina,ARG,"UIS: Mean years of schooling (ISCED 1 or higher), population 25+ years, both sexes",UIS.EA.MEAN.1T6.AG25T99,5.961,..,..,..,..,..,..,..,..,..,6.74932,..,..,..,..,..,..,..,..,..,..,8.01231,..,..,..,..,..,..,..,..,..,8.77841,..,9.80576,..,..,10.31451,..,10.51253,10.64455,10.69098,10.79015,10.86789,10.96858,10.99034,10.9999,10.99897,..,11.16078,..
Armenia,ARM,"UIS: Mean years of schooling (ISCED 1 or higher), population 25+ years, both sexes",UIS.EA.MEAN.1T6.AG25T99,..,..,..,..,..,..,..,..,..,..,..,..,..,..,..,..,..,..,..,..,..,..,..,..,..,..,..,..,..,..,..,10.45174,..,..,..,..,..,..,..,..,..,11.30916,..,..,..,11.69998,..,11.30174,..,..
Aruba,ABW,"UIS: Mean years of schooling (ISCED 1 or higher), population 25+ years, both sexes",UIS.EA.MEAN.1T6.AG25T99,..,..,..,..,..,..,..,..,..,..,..,..,..,..,..,..,..,..,..,..,..,6.56583,..,..,..,..,..,..,..,..,8.64122,..,..,..,..,..,..,..,..,..,8.38881,..,..,..,..,..,..,..,..,..
Australia,AUS,"UIS: Mean years of schooling (ISCED 1 or higher), population 25+ years, both sexes",UIS.EA.MEAN.1T6.AG25T99,..,9.73432,..,..,..,..,..,..,..,..,..,..,..,..,..,..,..,..,..,..,..,..,..,..,..,..,..,..,..,..,..,..,..,..,11.82016,11.86393,11.97422,12.0655,12.29526,12.35454,12.41071,12.49883,12.70935,12.04686,12.1965,12.27517,12.38612,12.36087,12.50712,..
Austria,AUT,"UIS: Mean years of schooling (ISCED 1 or higher), population 25+ years, both sexes",UIS.EA.MEAN.1T6.AG25T99,..,9.61983,..,..,..,..,..,..,..,..,..,10.13896,..,..,..,..,..,..,..,..,..,..,..,..,..,..,..,..,..,..,..,..,..,..,..,11.58015,..,11.55305,11.49082,11.69434,11.73423,11.7306,11.77063,11.80627,12.0145,12.09431,12.09449,12.1759,..,..
Azerbaijan,AZE,"UIS: Mean years of schooling (ISCED 1 or higher), population 25+ years, both sexes",UIS.EA.MEAN.1T6.AG25T99,..,..,..,..,..,..,..,..,..,..,..,..,..,..,..,..,..,..,..,..,..,..,..,..,..,..,..,..,..,9.91747,..,..,..,..,..,..,..,10.43555,10.44655,10.45223,10.46595,10.46714,10.47151,10.47588,10.47768,10.47585,10.5554,10.5446,..,..
"Bahamas, The",BHS,"UIS: Mean years of schooling (ISCED 1 or higher), population 25+ years, both sexes",UIS.EA.MEAN.1T6.AG25T99,..,..,..,..,..,..,..,..,..,..,..,..,..,..,..,..,..,..,..,..,9.43642,..,..,..,..,..,..,..,..,..,11.04335,..,..,..,..,..,..,..,..,..,11.89006,..,..,..,..,..,..,..,..,..
Bahrain,BHR,"UIS: Mean years of schooling (ISCED 1 or higher), population 25+ years, both sexes",UIS.EA.MEAN.1T6.AG25T99,..,1.88748,..,..,..,..,..,..,..,..,..,..,..,..,..,..,..,..,..,..,..,5.19348,..,..,..,..,..,..,..,..,..,8.52635,..,..,..,..,..,..,..,..,8.01587,..,..,..,..,..,9.25912,9.5192,10.47993,..
Bangladesh,BGD,"UIS: Mean years of schooling (ISCED 1 or higher), population 25+ years, both sexes",UIS.EA.MEAN.1T6.AG25T99,..,..,..,..,1.25016,..,..,..,..,..,..,2.0527,..,..,..,..,..,..,..,..,..,..,..,..,..,..,..,..,..,..,..,4.39687,..,..,..,..,..,..,..,..,..,5.19887,5.30234,5.06477,5.1944,5.98583,6.11389,6.27025,6.38588,6.54998
Barbados,BRB,"UIS: Mean years of schooling (ISCED 1 or higher), population 25+ years, both sexes",UIS.EA.MEAN.1T6.AG25T99,8.42916,..,..,..,..,..,..,..,..,..,8.63971,..,..,..,..,..,..,..,..,..,..,..,..,..,..,..,..,..,..,..,8.99301,..,..,..,..,..,..,..,..,..,..,..,..,..,..,..,..,..,..,..
Belarus,BLR,"UIS: Mean years of schooling (ISCED 1 or higher), population 25+ years, both sexes",UIS.EA.MEAN.1T6.AG25T99,6.2792,..,..,..,..,..,..,..,..,..,..,..,..,..,..,..,..,..,..,7.14679,..,..,..,..,..,..,..,..,..,..,..,..,..,..,..,..,..,..,..,11.33366,..,..,..,..,..,..,..,..,..,..
Belgium,BEL,"UIS: Mean years of schooling (ISCED 1 or higher), population 25+ years, both sexes",UIS.EA.MEAN.1T6.AG25T99,7.42445,..,..,..,..,..,..,..,..,..,..,..,..,..,..,..,..,..,..,..,..,..,..,..,..,..,..,..,..,..,..,..,..,..,..,..,11.04704,..,11.17626,11.31094,11.40962,11.46376,11.49337,11.64727,11.76037,12.01187,12.10322,12.36665,..,..
Belize,BLZ,"UIS: Mean years of schooling (ISCED 1 or higher), population 25+ years, both sexes",UIS.EA.MEAN.1T6.AG25T99,4.61757,..,..,..,..,..,..,..,..,..,5.03326,..,..,..,..,..,..,..,..,..,..,5.62865,..,..,..,..,..,..,..,..,..,..,..,..,..,7.61368,..,..,..,..,10.49766,..,..,..,..,..,..,..,..,..
Benin,BEN,"UIS: Mean years of schooling (ISCED 1 or higher), population 25+ years, both sexes",UIS.EA.MEAN.1T6.AG25T99,..,..,..,..,..,..,..,..,..,0.66498,..,..,..,..,..,..,..,..,..,..,..,..,1.65131,..,..,..,..,..,..,..,..,..,2.46291,..,..,..,..,..,..,..,..,..,..,..,..,..,..,..,..,..
Bermuda,BMU,"UIS: Mean years of schooling (ISCED 1 or higher), population 25+ years, both sexes",UIS.EA.MEAN.1T6.AG25T99,8.67257,..,..,..,..,..,..,..,..,..,..,..,..,..,..,..,..,..,..,..,..,10.91937,..,..,..,..,..,..,..,..,12.77649,..,..,..,..,..,..,..,..,..,10.96161,..,..,..,..,..,12.5439,..,..,..
Bhutan,BTN,"UIS: Mean years of schooling (ISCED 1 or higher), population 25+ years, both sexes",UIS.EA.MEAN.1T6.AG25T99,..,..,..,..,..,..,..,..,..,..,..,..,..,..,..,..,..,..,..,..,..,..,..,..,..,..,..,..,..,..,..,..,..,..,..,..,..,..,..,..,..,..,2.22245,..,..,..,..,4.0738,..,..
Bolivia,BOL,"UIS: Mean years of schooling (ISCED 1 or higher), population 25+ years, both sexes",UIS.EA.MEAN.1T6.AG25T99,..,..,..,..,..,..,3.82618,..,..,..,..,..,..,..,..,..,..,..,..,..,..,..,6.3234,..,..,..,..,..,..,..,..,7.36086,..,..,..,..,7.12275,..,7.41362,7.71865,..,..,8.03513,..,..,8.68271,..,..,..,..
Bosnia and Herzegovina,BIH,"UIS: Mean years of schooling (ISCED 1 or higher), population 25+ years, both sexes",UIS.EA.MEAN.1T6.AG25T99,..,..,..,..,..,..,..,..,..,..,..,..,..,..,..,..,..,..,..,..,..,..,..,..,..,..,..,..,..,..,..,..,..,..,..,..,..,..,..,..,7.13215,7.26067,..,..,8.91776,9.00841,9.7047,..,9.81787,..
Botswana,BWA,"UIS: Mean years of schooling (ISCED 1 or higher), population 25+ years, both sexes",UIS.EA.MEAN.1T6.AG25T99,..,1.34462,..,..,..,..,..,..,..,..,..,..,..,..,..,..,..,..,..,..,..,..,..,..,..,..,..,..,..,..,..,..,..,..,..,..,..,..,..,..,..,..,..,..,..,..,..,..,..,..
Brazil,BRA,"UIS: Mean years of schooling (ISCED 1 or higher), population 25+ years, both sexes",UIS.EA.MEAN.1T6.AG25T99,2.49451,..,..,..,..,..,2.45397,..,..,..,2.64254,..,..,..,..,..,..,..,..,..,..,..,..,..,..,..,..,..,..,..,..,..,..,..,6.03616,..,6.37938,6.56554,6.73979,6.84159,7.64748,7.08456,7.29775,7.37406,7.46925,7.59973,7.73256,7.8533,7.9813,..
British Virgin Islands,VGB,"UIS: Mean years of schooling (ISCED 1 or higher), population 25+ years, both sexes",UIS.EA.MEAN.1T6.AG25T99,..,..,..,..,..,..,..,..,..,..,7.3418,..,..,..,..,..,..,..,..,..,..,8.74682,..,..,..,..,..,..,..,..,..,..,..,..,..,..,..,..,..,..,..,..,..,..,..,..,..,..,..,..
Brunei Darussalam,BRN,"UIS: Mean years of schooling (ISCED 1 or higher), population 25+ years, both sexes",UIS.EA.MEAN.1T6.AG25T99,..,3.77471,..,..,..,..,..,..,..,..,..,6.55054,..,..,..,..,..,..,..,..,..,..,..,..,..,..,..,..,..,..,..,..,..,..,..,..,..,..,..,..,..,11.57398,..,..,..,..,..,..,..,..
Bulgaria,BGR,"UIS: Mean years of schooling (ISCED 1 or higher), population 25+ years, both sexes",UIS.EA.MEAN.1T6.AG25T99,..,..,..,..,..,4.64274,..,..,..,..,..,..,..,..,..,..,..,..,..,..,..,..,7.30321,..,..,..,..,..,..,..,..,10.07289,..,..,..,..,10.52473,10.64563,10.68894,10.74154,10.81686,10.87309,10.98448,11.09708,11.14524,11.27833,11.32017,11.36009,..,..
Burkina Faso,BFA,"UIS: Mean years of schooling (ISCED 1 or higher), population 25+ years, both sexes",UIS.EA.MEAN.1T6.AG25T99,..,..,..,..,..,..,..,..,..,..,..,..,..,..,..,..,..,..,..,..,..,..,..,..,..,..,..,..,..,..,..,..,..,..,..,..,1.31811,0.55934,..,..,..,..,..,..,1.37322,..,..,..,..,..
Burundi,BDI,"UIS: Mean years of schooling (ISCED 1 or higher), population 25+ years, both sexes",UIS.EA.MEAN.1T6.AG25T99,..,..,..,..,..,..,..,..,..,..,..,..,..,..,..,..,..,..,..,..,1.46178,..,..,..,..,..,..,..,..,..,..,..,..,..,..,..,..,..,2.43024,..,..,..,..,..,2.02313,..,..,2.80633,..,..
Cabo Verde,CPV,"UIS: Mean years of schooling (ISCED 1 or higher), population 25+ years, both sexes",UIS.EA.MEAN.1T6.AG25T99,..,..,..,..,..,..,..,..,..,..,..,..,..,..,..,..,..,..,..,..,..,..,..,..,..,..,..,..,..,..,..,..,..,..,..,..,..,..,..,..,..,..,..,..,..,5.87209,..,..,..,..
Cambodia,KHM,"UIS: Mean years of schooling (ISCED 1 or higher), population 25+ years, both sexes",UIS.EA.MEAN.1T6.AG25T99,..,..,..,..,..,..,..,..,..,..,..,..,..,..,..,..,..,..,..,..,..,..,..,..,..,..,..,..,..,..,..,..,..,..,..,..,..,3.95078,3.94855,3.96502,..,..,..,..,3.6013,3.67808,..,..,..,..
Cameroon,CMR,"UIS: Mean years of schooling (ISCED 1 or higher), population 25+ years, both sexes",UIS.EA.MEAN.1T6.AG25T99,..,..,..,..,..,..,1.63865,..,..,..,..,..,..,..,..,..,..,..,..,..,..,..,..,..,..,..,..,..,..,..,..,..,..,..,..,..,..,..,..,..,5.2061,..,..,..,..,..,..,..,..,..
Canada,CAN,"UIS: Mean years of schooling (ISCED 1 or higher), population 25+ years, both sexes",UIS.EA.MEAN.1T6.AG25T99,..,..,..,..,..,..,9.86984,..,..,..,..,9.93114,..,..,..,..,10.19758,..,..,..,..,10.62492,..,..,..,..,..,..,..,..,..,12.37847,..,..,..,..,12.9859,..,..,..,..,13.21356,..,..,..,..,13.32034,..,..,..
Cayman Islands,CYM,"UIS: Mean years of schooling (ISCED 1 or higher), population 25+ years, both sexes",UIS.EA.MEAN.1T6.AG25T99,5.6356,..,..,..,..,..,..,..,..,..,..,..,..,..,..,..,..,..,..,8.6361,..,..,..,..,..,..,..,..,..,..,..,..,..,..,11.27355,11.82601,11.60695,12.81068,12.97635,..,..,..,..,..,13.69486,13.50126,..,..,..,..
Central African Republic,CAF,"UIS: Mean years of schooling (ISCED 1 or higher), population 25+ years, both sexes",UIS.EA.MEAN.1T6.AG25T99,..,..,..,..,..,2.2466,..,..,..,..,..,..,..,..,..,..,..,..,2.07196,..,..,..,..,..,..,..,..,..,..,..,..,..,..,..,..,..,..,..,..,..,..,..,..,..,..,..,..,..,..,..
Chad,TCD,"UIS: Mean years of schooling (ISCED 1 or higher), population 25+ years, both sexes",UIS.EA.MEAN.1T6.AG25T99,..,..,..,..,..,..,..,..,..,..,..,..,..,..,..,..,..,..,..,..,..,..,..,..,..,..,..,..,..,..,..,..,..,..,1.39732,..,..,..,..,1.76608,..,..,..,..,..,..,..,..,..,..
Chile,CHL,"UIS: Mean years of schooling (ISCED 1 or higher), population 25+ years, both sexes",UIS.EA.MEAN.1T6.AG25T99,5.73149,..,..,..,..,..,..,..,..,..,..,..,6.33167,..,..,..,..,..,..,..,..,..,..,..,..,..,..,..,..,..,..,..,..,..,9.70077,..,..,9.80265,10.1029,..,9.84954,9.5417,..,10.437,..,10.25012,..,10.58295,..,..
China,CHN,"UIS: Mean years of schooling (ISCED 1 or higher), population 25+ years, both sexes",UIS.EA.MEAN.1T6.AG25T99,..,..,..,..,..,..,..,..,..,..,..,..,3.96753,..,..,..,..,..,..,..,4.30935,..,..,..,..,..,..,..,..,..,5.92727,..,..,..,..,..,..,..,..,..,6.7208,..,..,..,..,..,..,..,..,..
Colombia,COL,"UIS: Mean years of schooling (ISCED 1 or higher), population 25+ years, both sexes",UIS.EA.MEAN.1T6.AG25T99,..,..,..,..,..,..,..,..,..,..,..,..,..,..,..,..,..,..,..,..,..,..,..,6.51702,..,..,..,..,..,..,..,..,..,..,7.10344,7.31597,6.82584,7.17525,7.30956,7.23571,7.38101,7.5051,7.61184,7.81796,7.97602,8.03163,8.20492,..,8.46873,..
Comoros,COM,"UIS: Mean years of schooling (ISCED 1 or higher), population 25+ years, both sexes",UIS.EA.MEAN.1T6.AG25T99,..,..,..,..,..,..,..,..,..,..,..,..,..,..,..,..,..,..,..,..,..,..,..,..,..,..,..,..,..,..,..,..,..,..,..,..,..,..,..,..,..,..,..,..,..,..,..,..,..,..
"Congo, Dem. Rep.",COD,"UIS: Mean years of schooling (ISCED 1 or higher), population 25+ years, both sexes",UIS.EA.MEAN.1T6.AG25T99,..,..,..,..,..,..,..,..,..,..,..,..,..,..,3.07184,..,..,..,..,..,..,..,..,..,..,..,..,..,..,..,..,..,..,..,..,..,..,..,..,..,..,..,..,5.97349,..,..,6.76008,..,..,..
"Congo, Rep.",COG,"UIS: Mean years of schooling (ISCED 1 or higher), population 25+ years, both sexes",UIS.EA.MEAN.1T6.AG25T99,..,..,..,..,..,..,..,..,..,..,..,..,..,..,3.20632,..,..,..,..,..,..,..,..,..,..,..,..,..,..,..,..,..,..,..,..,..,..,..,..,..,..,..,..,..,..,..,..,..,..,..
Costa Rica,CRI,"UIS: Mean years of schooling (ISCED 1 or higher), population 25+ years, both sexes",UIS.EA.MEAN.1T6.AG25T99,..,..,..,4.55737,..,..,..,..,..,..,..,..,..,..,..,..,..,..,..,..,..,..,..,..,..,..,..,..,..,..,..,..,..,..,..,..,..,8.12023,8.41274,8.48753,8.35297,8.47639,8.53973,..,8.76582,8.6025,8.582,..,8.74194,..
Cote d'Ivoire,CIV,"UIS: Mean years of schooling (ISCED 1 or higher), population 25+ years, both sexes",UIS.EA.MEAN.1T6.AG25T99,..,..,..,..,..,..,..,..,..,..,..,..,..,..,..,..,..,..,6.1029,..,..,..,..,..,..,..,..,..,6.6771,..,..,..,..,..,..,..,..,..,..,..,..,..,..,..,4.45954,..,..,..,..,..
Croatia,HRV,"UIS: Mean years of schooling (ISCED 1 or higher), population 25+ years, both sexes",UIS.EA.MEAN.1T6.AG25T99,..,..,..,..,..,..,..,..,..,..,..,..,..,..,..,..,..,..,..,..,..,6.35386,..,..,..,..,..,..,..,..,..,9.95522,..,..,..,..,..,..,..,..,..,11.1805,..,..,..,..,..,..,..,..
Cuba,CUB,"UIS: Mean years of schooling (ISCED 1 or higher), population 25+ years, both sexes",UIS.EA.MEAN.1T6.AG25T99,..,..,..,..,..,..,..,..,..,..,..,..,..,..,..,..,..,..,..,..,..,..,..,..,..,..,..,..,..,..,..,..,9.97212,..,..,..,..,..,..,..,..,..,11.53577,..,..,..,..,..,..,..
Cyprus,CYP,"UIS: Mean years of schooling (ISCED 1 or higher), population 25+ years, both sexes",UIS.EA.MEAN.1T6.AG25T99,..,..,..,..,..,..,..,..,..,..,..,..,..,..,..,..,..,..,..,..,..,..,8.63999,..,..,..,..,..,..,..,..,..,..,..,10.49881,10.68676,10.94641,11.2596,11.35351,11.33046,11.51399,11.64795,11.88498,12.06226,11.96018,11.94706,12.17123,..,12.38234,..
Czech Republic,CZE,"UIS: Mean years of schooling (ISCED 1 or higher), population 25+ years, both sexes",UIS.EA.MEAN.1T6.AG25T99,..,..,..,..,..,..,..,..,..,..,..,..,..,..,..,..,..,..,..,..,..,8.29555,..,..,..,..,..,..,..,..,..,..,..,..,..,..,12.12254,12.14151,12.19182,12.29474,12.38508,12.46833,12.51996,12.59654,12.63814,12.67334,12.73709,12.82321,..,..
Denmark,DNK,"UIS: Mean years of schooling (ISCED 1 or higher), population 25+ years, both sexes",UIS.EA.MEAN.1T6.AG25T99,..,..,..,..,..,..,..,..,..,..,..,..,..,..,..,..,..,..,..,..,..,11.47442,..,..,11.60743,11.69995,..,..,..,..,..,..,..,13.05004,13.00126,..,..,12.73356,12.74565,12.55131,12.50462,12.54616,12.78526,12.83124,12.47035,12.60896,12.79885,..,12.87102,..
Dominica,DMA,"UIS: Mean years of schooling (ISCED 1 or higher), population 25+ years, both sexes",UIS.EA.MEAN.1T6.AG25T99,5.23235,..,..,..,..,..,..,..,..,..,..,5.7354,..,..,..,..,..,..,..,..,..,..,..,..,..,..,..,..,..,..,..,7.76032,..,..,..,..,..,..,..,..,..,..,..,..,..,..,..,..,..,..
Dominican Republic,DOM,"UIS: Mean years of schooling (ISCED 1 or higher), population 25+ years, both sexes",UIS.EA.MEAN.1T6.AG25T99,2.89368,..,..,..,..,..,..,..,..,..,..,..,..,..,..,..,..,..,..,..,..,..,..,..,..,..,..,..,..,..,..,..,..,..,..,..,..,7.71572,..,..,7.35452,7.4401,7.54412,7.63264,7.77613,7.85017,9.05603,..,..,..
Ecuador,ECU,"UIS: Mean years of schooling (ISCED 1 or higher), population 25+ years, both sexes",UIS.EA.MEAN.1T6.AG25T99,..,..,..,..,4.1128,..,..,..,..,..,..,..,5.47862,..,..,..,..,..,..,..,7.98263,..,..,..,..,..,..,..,..,..,..,..,..,..,..,..,..,7.71475,7.72254,7.73594,7.84454,7.90427,8.09364,8.28354,8.35642,8.6958,8.68669,8.75957,..,..
"Egypt, Arab Rep.",EGY,"UIS: Mean years of schooling (ISCED 1 or higher), population 25+ years, both sexes",UIS.EA.MEAN.1T6.AG25T99,..,..,..,..,..,..,..,..,..,..,..,..,..,..,..,..,3.0609,..,..,..,..,..,..,..,..,..,..,..,..,..,..,..,..,..,..,..,6.49143,..,..,..,..,..,..,..,..,..,..,9.04345,..,..
El Salvador,SLV,"UIS: Mean years of schooling (ISCED 1 or higher), population 25+ years, both sexes",UIS.EA.MEAN.1T6.AG25T99,..,2.62382,..,..,..,..,..,..,..,..,..,..,..,..,..,..,..,..,..,..,..,..,4.17258,..,..,..,..,..,..,..,..,..,..,..,..,..,5.91158,5.64834,6.24135,6.34359,6.36607,6.41084,6.5877,6.43581,..,..,6.76871,6.87305,..,..
Equatorial Guinea,GNQ,"UIS: Mean years of schooling (ISCED 1 or higher), population 25+ years, both sexes",UIS.EA.MEAN.1T6.AG25T99,..,..,..,..,..,..,..,..,..,..,..,..,..,..,..,..,..,..,..,..,..,..,..,..,..,..,..,..,..,..,..,..,..,..,..,..,..,..,..,..,..,..,..,..,..,..,..,..,..,..
Eritrea,ERI,"UIS: Mean years of schooling (ISCED 1 or higher), population 25+ years, both sexes",UIS.EA.MEAN.1T6.AG25T99,..,..,..,..,..,..,..,..,..,..,..,..,..,..,..,..,..,..,..,..,..,..,..,..,..,..,..,..,..,..,..,..,..,..,..,..,..,..,..,..,..,..,..,..,..,..,..,..,..,..
Estonia,EST,"UIS: Mean years of schooling (ISCED 1 or higher), population 25+ years, both sexes",UIS.EA.MEAN.1T6.AG25T99,..,..,..,..,..,..,..,..,..,..,..,..,..,..,..,..,..,..,..,8.7562,..,..,..,..,..,..,..,..,..,..,12.20844,..,..,..,..,..,13.63657,13.65608,13.68481,13.74732,13.76009,13.82121,13.86887,13.95539,13.85688,13.90054,13.92158,13.96194,14.04632,..
Eswatini,SWZ,"UIS: Mean years of schooling (ISCED 1 or higher), population 25+ years, both sexes",UIS.EA.MEAN.1T6.AG25T99,..,..,..,..,..,..,2.87655,..,..,..,..,..,..,..,..,..,4.22926,..,..,..,..,..,..,..,..,..,..,..,..,..,..,..,..,..,..,..,..,..,..,..,..,..,..,..,..,..,..,..,..,..
Ethiopia,ETH,"UIS: Mean years of schooling (ISCED 1 or higher), population 25+ years, both sexes",UIS.EA.MEAN.1T6.AG25T99,..,..,..,..,..,..,..,..,..,..,..,..,..,..,..,..,..,..,..,..,..,..,..,..,..,..,..,..,..,..,..,..,..,..,..,..,..,2.02394,..,..,..,2.17401,..,..,..,..,..,..,..,..
Fiji,FJI,"UIS: Mean years of schooling (ISCED 1 or higher), population 25+ years, both sexes",UIS.EA.MEAN.1T6.AG25T99,..,..,..,..,..,..,4.2745,..,..,..,..,..,..,..,..,..,5.95364,..,..,..,..,..,..,..,..,..,7.71127,..,..,..,..,..,..,..,..,..,..,9.28579,..,..,..,..,..,..,..,..,..,10.90163,..,..
Finland,FIN,"UIS: Mean years of schooling (ISCED 1 or higher), population 25+ years, both sexes",UIS.EA.MEAN.1T6.AG25T99,..,..,..,..,..,..,..,..,..,..,..,..,..,..,..,8.83359,..,..,..,..,9.20847,..,..,..,..,..,..,..,..,..,..,..,..,12.49063,..,12.59455,12.64892,12.69778,12.7557,12.80424,12.85547,12.90178,12.74987,12.62611,12.67839,12.714,..,12.82413,..,..
France,FRA,"UIS: Mean years of schooling (ISCED 1 or higher), population 25+ years, both sexes",UIS.EA.MEAN.1T6.AG25T99,..,..,..,..,..,..,..,..,..,..,..,..,..,..,..,..,..,..,..,..,7.57025,..,..,..,..,..,..,..,..,..,..,..,..,..,10.35471,10.43849,..,10.7025,10.78967,10.7649,10.92268,10.99965,11.08815,11.24114,11.28758,11.39887,11.41769,11.4795,..,..
French Polynesia,PYF,"UIS: Mean years of schooling (ISCED 1 or higher), population 25+ years, both sexes",UIS.EA.MEAN.1T6.AG25T99,..,..,..,..,..,..,..,..,..,..,..,..,..,..,..,..,..,..,..,..,..,..,..,..,..,..,..,..,..,..,..,..,..,..,..,..,..,10.0794,..,..,..,..,..,..,..,..,..,..,..,..
Gabon,GAB,"UIS: Mean years of schooling (ISCED 1 or higher), population 25+ years, both sexes",UIS.EA.MEAN.1T6.AG25T99,..,..,..,..,..,..,..,..,..,..,..,..,..,..,..,..,..,..,..,..,..,..,..,..,..,..,..,..,..,..,..,..,..,..,..,..,..,..,..,..,..,..,..,..,..,..,..,..,..,..
"Gambia, The",GMB,"UIS: Mean years of schooling (ISCED 1 or higher), population 25+ years, both sexes",UIS.EA.MEAN.1T6.AG25T99,..,..,..,0.47849,..,..,..,..,..,..,..,..,..,..,..,..,..,..,..,..,..,..,..,..,..,..,..,..,..,..,..,..,..,..,..,..,..,..,..,..,..,..,..,..,..,5.29168,..,..,..,..
Georgia,GEO,"UIS: Mean years of schooling (ISCED 1 or higher), population 25+ years, both sexes",UIS.EA.MEAN.1T6.AG25T99,..,..,..,..,..,..,..,..,..,..,..,..,..,..,..,..,..,..,..,..,..,..,..,..,..,..,..,..,..,..,..,..,11.91936,..,..,..,..,..,..,..,..,..,12.4963,..,12.61834,..,12.81457,12.87436,..,..
Germany,DEU,"UIS: Mean years of schooling (ISCED 1 or higher), population 25+ years, both sexes",UIS.EA.MEAN.1T6.AG25T99,..,..,..,..,..,..,..,..,..,..,..,..,..,..,..,..,..,..,..,..,..,..,..,..,..,..,..,..,..,..,..,..,..,..,13.80026,13.70373,13.60348,13.68011,13.75719,13.82801,13.85178,13.93055,13.97772,14.00985,14.03712,14.08202,14.13215,..,14.07738,..
Ghana,GHA,"UIS: Mean years of schooling (ISCED 1 or higher), population 25+ years, both sexes",UIS.EA.MEAN.1T6.AG25T99,2.04022,..,..,..,..,..,..,..,..,..,..,..,..,..,..,..,..,..,..,..,..,..,..,..,..,..,..,..,..,..,..,..,..,..,..,..,..,..,..,..,7.58704,..,..,..,..,..,..,..,..,..
Greece,GRC,"UIS: Mean years of schooling (ISCED 1 or higher), population 25+ years, both sexes",UIS.EA.MEAN.1T6.AG25T99,..,..,..,..,..,..,..,..,..,..,..,6.6247,..,..,..,..,..,..,..,..,..,7.73977,..,..,..,..,..,..,..,..,..,..,..,..,..,9.93866,10.20924,10.16778,10.21685,..,10.32493,..,..,..,10.60381,10.75061,10.26313,..,..,..
Greenland,GRL,"UIS: Mean years of schooling (ISCED 1 or higher), population 25+ years, both sexes",UIS.EA.MEAN.1T6.AG25T99,..,..,..,..,..,..,..,..,..,..,..,..,..,..,..,..,..,..,..,..,..,..,..,..,..,..,..,..,..,..,..,..,..,..,..,..,..,..,..,..,..,..,10.69675,..,10.73319,10.75963,..,..,10.87548,..
Grenada,GRD,"UIS: Mean years of schooling (ISCED 1 or higher), population 25+ years, both sexes",UIS.EA.MEAN.1T6.AG25T99,5.544,..,..,..,..,..,..,..,..,..,..,5.79761,..,..,..,..,..,..,..,..,..,..,..,..,..,..,..,..,..,..,..,..,..,..,..,..,..,..,..,..,..,..,..,..,..,..,..,..,..,..
Guam,GUM,"UIS: Mean years of schooling (ISCED 1 or higher), population 25+ years, both sexes",UIS.EA.MEAN.1T6.AG25T99,..,..,..,..,..,..,..,..,..,..,..,..,..,..,..,..,..,..,..,..,..,..,..,..,..,..,..,..,..,..,..,..,..,..,..,..,..,..,..,..,..,..,..,..,..,..,..,..,..,..
Guatemala,GTM,"UIS: Mean years of schooling (ISCED 1 or higher), population 25+ years, both sexes",UIS.EA.MEAN.1T6.AG25T99,..,..,..,..,..,..,..,..,..,..,..,2.46815,..,..,..,..,..,..,..,..,..,..,..,..,..,..,..,..,..,..,..,..,3.88209,..,..,..,3.685,..,..,..,..,..,4.80232,4.8978,6.62261,..,..,..,..,..
Guinea,GIN,"UIS: Mean years of schooling (ISCED 1 or higher), population 25+ years, both sexes",UIS.EA.MEAN.1T6.AG25T99,..,..,..,..,..,..,..,..,..,..,..,..,..,..,..,..,..,..,..,..,..,..,..,..,..,..,1.39527,..,..,..,..,..,..,..,..,..,..,..,..,..,1.64131,..,..,..,1.91934,..,..,..,..,..
Guinea-Bissau,GNB,"UIS: Mean years of schooling (ISCED 1 or higher), population 25+ years, both sexes",UIS.EA.MEAN.1T6.AG25T99,..,..,..,..,..,..,..,..,..,..,..,..,..,..,..,..,..,..,..,..,..,..,..,..,..,..,..,..,..,..,..,..,..,..,..,..,..,..,..,..,..,..,..,..,..,..,..,..,..,..
Guyana,GUY,"UIS: Mean years of schooling (ISCED 1 or higher), population 25+ years, both sexes",UIS.EA.MEAN.1T6.AG25T99,4.56152,..,..,..,..,..,..,..,..,..,5.28707,..,..,..,..,..,..,..,..,..,..,..,..,..,..,..,..,..,..,..,..,..,6.12263,..,..,..,..,..,..,..,..,..,..,..,..,..,..,..,..,..
Haiti,HTI,"UIS: Mean years of schooling (ISCED 1 or higher), population 25+ years, both sexes",UIS.EA.MEAN.1T6.AG25T99,..,0.89706,..,..,..,..,..,..,..,..,..,..,1.5841,..,..,..,2.52621,..,..,..,..,..,..,..,..,..,..,..,..,..,..,..,..,..,..,..,..,..,..,..,..,..,..,..,..,..,..,..,..,..
Honduras,HND,"UIS: Mean years of schooling (ISCED 1 or higher), population 25+ years, both sexes",UIS.EA.MEAN.1T6.AG25T99,..,..,..,..,2.13084,..,..,..,..,..,..,..,..,..,..,..,..,..,..,..,..,..,..,..,..,..,..,..,..,..,..,..,..,..,..,..,..,4.96424,..,..,..,5.5935,5.52778,..,6.18991,6.31501,6.55213,..,6.30925,..
"Hong Kong SAR, China",HKG,"UIS: Mean years of schooling (ISCED 1 or higher), population 25+ years, both sexes",UIS.EA.MEAN.1T6.AG25T99,..,5.14326,..,..,..,..,5.67459,..,..,..,..,6.84519,..,..,..,..,7.54974,..,..,..,..,8.51015,..,..,..,..,9.92045,..,..,..,..,..,..,..,..,..,11.02958,..,11.246,11.34655,11.43829,11.65258,..,..,11.92339,12.0676,..,12.27996,..,..
Hungary,HUN,"UIS: Mean years of schooling (ISCED 1 or higher), population 25+ years, both sexes",UIS.EA.MEAN.1T6.AG25T99,7.76044,..,..,..,..,..,..,..,..,..,8.85072,..,..,..,..,..,..,..,..,..,10.01793,..,..,..,..,..,..,..,..,..,..,10.2704,..,..,..,10.86768,..,..,..,12.07061,12.14479,11.97732,11.87719,12.06936,11.83846,11.91417,11.96329,..,..,..
Iceland,ISL,"UIS: Mean years of schooling (ISCED 1 or higher), population 25+ years, both sexes",UIS.EA.MEAN.1T6.AG25T99,..,..,..,..,..,..,..,..,..,..,..,..,..,..,..,..,..,..,..,..,..,..,..,..,..,..,..,..,..,..,..,..,..,..,..,..,..,..,..,..,..,..,..,..,..,..,..,..,..,..
India,IND,"UIS: Mean years of schooling (ISCED 1 or higher), population 25+ years, both sexes",UIS.EA.MEAN.1T6.AG25T99,..,1.4189,..,..,..,..,..,..,..,..,..,2.18463,..,..,..,..,..,..,..,..,..,..,..,..,..,..,..,..,..,..,..,..,..,..,..,..,..,..,..,..,..,5.32019,..,..,..,..,..,..,..,..
Indonesia,IDN,"UIS: Mean years of schooling (ISCED 1 or higher), population 25+ years, both sexes",UIS.EA.MEAN.1T6.AG25T99,..,2.3007,..,..,..,..,..,..,..,..,3.11766,..,..,..,..,..,..,..,..,..,3.33941,..,..,..,..,..,..,..,..,..,..,..,..,..,..,..,7.64802,7.05725,7.10246,7.36766,..,7.57576,..,..,7.80215,7.91868,7.98039,..,8.16668,..
"Iran, Islamic Rep.",IRN,"UIS: Mean years of schooling (ISCED 1 or higher), population 25+ years, both sexes",UIS.EA.MEAN.1T6.AG25T99,..,..,..,..,..,..,..,..,..,..,..,..,..,..,..,..,..,..,..,..,..,..,..,..,..,..,..,..,..,..,..,..,..,..,..,..,10.03378,..,9.55136,..,9.89901,..,9.90639,10.06761,10.1438,..,10.34749,..,..,..
Iraq,IRQ,"UIS: Mean years of schooling (ISCED 1 or higher), population 25+ years, both sexes",UIS.EA.MEAN.1T6.AG25T99,..,..,..,..,..,..,..,..,..,..,..,..,..,..,..,..,..,..,..,..,..,..,..,..,..,..,..,..,..,..,..,..,..,..,..,..,..,..,..,..,..,..,..,7.79195,..,..,..,..,..,..
Ireland,IRL,"UIS: Mean years of schooling (ISCED 1 or higher), population 25+ years, both sexes",UIS.EA.MEAN.1T6.AG25T99,..,7.54012,..,..,..,..,..,..,..,..,..,8.34225,..,..,..,..,..,..,..,..,..,7.26465,..,..,..,..,..,..,..,..,..,..,..,..,..,..,..,11.09356,..,..,11.58452,11.06709,..,..,..,..,..,11.51636,..,..
Israel,ISR,"UIS: Mean years of schooling (ISCED 1 or higher), population 25+ years, both sexes",UIS.EA.MEAN.1T6.AG25T99,..,..,7.43117,..,..,..,..,..,..,..,..,..,9.10658,8.25377,..,..,..,..,..,..,..,..,..,..,..,..,..,..,..,..,..,..,..,..,10.82226,..,11.65957,12.59621,..,12.67965,12.71418,12.8211,12.91513,12.88204,12.99947,13.04374,..,..,..,..
Italy,ITA,"UIS: Mean years of schooling (ISCED 1 or higher), population 25+ years, both sexes",UIS.EA.MEAN.1T6.AG25T99,..,5.3165,..,..,..,..,..,..,..,..,..,5.36332,..,..,..,..,..,..,..,..,..,..,..,..,..,..,..,..,..,..,..,8.76497,..,..,..,9.18991,9.3031,9.44085,9.55503,9.63554,9.72418,9.79849,9.91989,..,10.10911,10.18911,..,..,..,..
Jamaica,JAM,"UIS: Mean years of schooling (ISCED 1 or higher), population 25+ years, both sexes",UIS.EA.MEAN.1T6.AG25T99,4.12297,..,..,..,..,..,..,..,..,..,..,..,4.8036,..,..,..,..,..,..,..,..,6.77975,..,..,..,..,..,..,..,..,..,..,..,..,..,..,..,..,..,..,..,8.97414,..,..,..,..,..,..,..,..
Japan,JPN,"UIS: Mean years of schooling (ISCED 1 or higher), population 25+ years, both sexes",UIS.EA.MEAN.1T6.AG25T99,9.63763,..,..,..,..,..,..,..,..,..,10.59726,..,..,..,..,..,..,..,..,..,9.76381,..,..,..,..,..,..,..,..,..,..,..,..,..,..,..,..,..,..,..,12.34001,..,..,..,..,..,..,..,..,..
Jordan,JOR,"UIS: Mean years of schooling (ISCED 1 or higher), population 25+ years, both sexes",UIS.EA.MEAN.1T6.AG25T99,..,..,..,..,..,..,..,..,..,..,..,..,..,..,..,..,..,..,..,..,..,..,..,..,..,..,..,..,..,..,..,..,..,6.31365,..,..,..,..,9.68626,..,9.7708,..,..,..,..,..,..,..,..,..
Kazakhstan,KAZ,"UIS: Mean years of schooling (ISCED 1 or higher), population 25+ years, both sexes",UIS.EA.MEAN.1T6.AG25T99,..,..,..,..,..,..,..,..,..,..,..,..,..,..,..,..,..,..,..,7.30157,..,..,..,..,..,..,..,..,..,9.41909,..,..,..,..,..,..,..,11.58885,..,11.01272,..,..,..,..,..,..,..,..,12.20963,..
Kenya,KEN,"UIS: Mean years of schooling (ISCED 1 or higher), population 25+ years, both sexes",UIS.EA.MEAN.1T6.AG25T99,..,..,..,..,..,..,..,..,..,2.54622,..,..,..,..,..,..,..,..,..,..,..,..,..,..,..,..,..,..,..,..,..,..,..,..,..,..,..,..,..,6.31885,5.80482,..,..,..,..,..,..,..,..,..
Kiribati,KIR,"UIS: Mean years of schooling (ISCED 1 or higher), population 25+ years, both sexes",UIS.EA.MEAN.1T6.AG25T99,..,..,..,..,..,..,..,..,5.61663,..,..,..,..,..,..,..,..,..,..,..,..,..,..,..,..,..,..,..,..,..,..,..,..,..,..,..,..,..,..,..,..,..,..,..,..,..,..,..,..,..
"Korea, Rep.",KOR,"UIS: Mean years of schooling (ISCED 1 or higher), population 25+ years, both sexes",UIS.EA.MEAN.1T6.AG25T99,5.39848,..,..,..,..,6.59731,..,..,..,..,7.2615,..,..,..,..,9.38764,..,..,..,..,9.27329,..,..,..,..,9.99733,..,..,..,..,10.62179,..,..,..,..,11.24357,..,..,..,10.87349,11.63821,..,..,..,..,12.11633,..,..,..,..
Kuwait,KWT,"UIS: Mean years of schooling (ISCED 1 or higher), population 25+ years, both sexes",UIS.EA.MEAN.1T6.AG25T99,2.92795,..,..,..,..,3.92745,..,..,..,..,5.12467,..,..,..,..,6.06778,..,..,5.64715,..,..,..,..,..,..,..,..,..,..,..,..,..,..,..,..,5.7978,6.19119,6.27108,6.48209,..,..,..,7.33498,6.68126,..,7.2858,..,7.19071,7.21377,..
Kyrgyz Republic,KGZ,"UIS: Mean years of schooling (ISCED 1 or higher), population 25+ years, both sexes",UIS.EA.MEAN.1T6.AG25T99,..,..,..,..,..,..,..,..,..,..,..,..,..,..,..,..,..,..,..,..,..,..,..,..,..,..,..,..,..,10.17493,..,..,..,..,..,..,..,..,..,11.01587,..,..,..,..,..,..,..,..,..,..
Lao PDR,LAO,"UIS: Mean years of schooling (ISCED 1 or higher), population 25+ years, both sexes",UIS.EA.MEAN.1T6.AG25T99,..,..,..,..,..,..,..,..,..,..,..,..,..,..,..,..,..,..,..,..,..,..,..,..,..,..,..,..,..,..,..,..,..,..,..,..,..,..,..,..,..,..,..,..,..,..,..,..,..,..
Latvia,LVA,"UIS: Mean years of schooling (ISCED 1 or higher), population 25+ years, both sexes",UIS.EA.MEAN.1T6.AG25T99,..,..,..,..,..,..,..,..,..,..,..,..,..,..,..,..,..,..,..,8.15752,..,..,..,..,..,..,..,..,..,..,..,..,..,..,12.15374,12.26761,12.3147,12.19744,12.3776,12.48315,12.59091,12.6318,12.73093,12.99904,12.94183,12.9735,13.03085,..,13.07661,..
Lebanon,LBN,"UIS: Mean years of schooling (ISCED 1 or higher), population 25+ years, both sexes",UIS.EA.MEAN.1T6.AG25T99,3.00108,..,..,..,..,..,..,..,..,..,..,..,..,..,..,..,..,..,..,..,..,..,..,..,..,..,..,..,..,..,..,..,..,..,..,..,..,8.09212,..,..,..,..,..,..,..,..,..,..,..,..
Lesotho,LSO,"UIS: Mean years of schooling (ISCED 1 or higher), population 25+ years, both sexes",UIS.EA.MEAN.1T6.AG25T99,..,..,..,..,..,..,3.03164,..,..,..,..,..,..,..,..,..,..,..,..,..,..,..,..,..,..,..,..,..,..,..,..,..,..,..,..,..,5.82818,..,5.5398,..,..,..,..,..,..,..,..,..,..,..
Liberia,LBR,"UIS: Mean years of schooling (ISCED 1 or higher), population 25+ years, both sexes",UIS.EA.MEAN.1T6.AG25T99,..,..,..,..,1.20452,..,..,..,..,..,..,..,..,..,..,..,..,..,..,..,..,..,..,..,..,..,..,..,..,..,..,..,..,..,..,..,..,..,..,..,..,..,..,..,..,..,..,..,..,..
Libya,LBY,"UIS: Mean years of schooling (ISCED 1 or higher), population 25+ years, both sexes",UIS.EA.MEAN.1T6.AG25T99,..,..,..,..,..,..,..,..,..,..,..,..,..,..,2.90698,..,..,..,..,..,..,..,..,..,..,..,..,..,..,..,..,..,..,..,..,..,..,..,..,..,..,..,..,..,..,..,..,..,..,..
Liechtenstein,LIE,"UIS: Mean years of schooling (ISCED 1 or higher), population 25+ years, both sexes",UIS.EA.MEAN.1T6.AG25T99,5.32797,..,..,..,..,..,..,..,..,..,..,..,..,..,..,..,..,..,..,..,..,..,..,..,..,..,..,..,..,..,11.16051,..,..,..,..,..,..,..,..,..,..,..,..,..,..,..,..,..,..,..
Lithuania,LTU,"UIS: Mean years of schooling (ISCED 1 or higher), population 25+ years, both sexes",UIS.EA.MEAN.1T6.AG25T99,..,..,..,..,..,..,..,..,..,..,..,..,..,..,..,..,..,..,..,8.74492,..,..,..,..,..,..,..,..,..,..,..,..,..,..,..,11.86066,12.00101,12.14399,12.2833,12.30739,12.44193,12.55684,12.54758,12.75512,12.9203,13.07721,13.22189,13.30318,..,..
Luxembourg,LUX,"UIS: Mean years of schooling (ISCED 1 or higher), population 25+ years, both sexes",UIS.EA.MEAN.1T6.AG25T99,..,..,..,..,..,..,..,..,..,..,..,..,..,..,..,..,..,..,..,..,..,8.82401,..,..,..,..,..,..,..,..,..,10.76537,..,11.20021,..,..,..,11.67289,..,13.90423,13.92486,13.93296,14.04844,14.21147,14.3788,13.59589,..,..,..,..
"Macao SAR, China",MAC,"UIS: Mean years of schooling (ISCED 1 or higher), population 25+ years, both sexes",UIS.EA.MEAN.1T6.AG25T99,4.28242,..,..,..,..,..,..,..,..,..,..,..,..,..,..,..,..,..,..,..,..,7.31217,..,..,..,..,..,..,..,..,..,8.58554,..,..,..,..,8.82116,..,..,..,..,9.76254,..,..,..,..,10.53084,..,..,..
Madagascar,MDG,"UIS: Mean years of schooling (ISCED 1 or higher), population 25+ years, both sexes",UIS.EA.MEAN.1T6.AG25T99,..,..,..,..,..,..,..,..,..,..,..,..,..,..,..,..,..,..,..,..,..,..,..,..,..,..,..,..,..,..,..,..,..,..,..,..,..,..,..,..,..,..,..,..,..,..,..,..,..,..
Malawi,MWI,"UIS: Mean years of schooling (ISCED 1 or higher), population 25+ years, both sexes",UIS.EA.MEAN.1T6.AG25T99,..,..,..,..,..,..,..,1.6694,..,..,..,..,..,..,..,..,..,1.96712,..,..,..,..,..,..,..,..,..,..,2.70967,..,..,..,..,..,..,..,..,..,..,..,..,..,..,..,..,..,..,..,..,..
Malaysia,MYS,"UIS: Mean years of schooling (ISCED 1 or higher), population 25+ years, both sexes",UIS.EA.MEAN.1T6.AG25T99,..,..,..,..,..,..,..,..,..,..,3.99278,..,..,..,..,..,..,..,..,..,..,..,..,..,..,..,7.32278,..,..,..,8.53389,..,..,..,..,7.66207,..,..,..,9.7788,9.92398,..,..,..,..,..,10.37465,..,..,..
Maldives,MDV,"UIS: Mean years of schooling (ISCED 1 or higher), population 25+ years, both sexes",UIS.EA.MEAN.1T6.AG25T99,..,..,..,..,..,..,..,..,..,..,..,..,..,..,..,..,..,..,..,..,..,..,..,..,..,..,..,..,..,..,..,..,..,..,..,..,3.78929,..,..,..,..,..,..,..,..,..,..,..,..,..
Mali,MLI,"UIS: Mean years of schooling (ISCED 1 or higher), population 25+ years, both sexes",UIS.EA.MEAN.1T6.AG25T99,..,..,..,..,..,..,0.23075,..,..,..,..,..,..,..,..,..,..,..,..,..,..,..,..,..,..,..,..,..,..,..,..,..,..,..,..,..,1.54078,..,..,..,..,2.03935,..,..,..,1.85022,1.53046,..,1.87442,..
Malta,MLT,"UIS: Mean years of schooling (ISCED 1 or higher), population 25+ years, both sexes",UIS.EA.MEAN.1T6.AG25T99,..,..,..,..,..,..,..,..,..,..,..,..,..,..,..,..,..,..,..,..,..,..,..,..,..,..,..,..,..,..,7.47723,..,..,..,..,9.8065,..,9.88147,..,..,10.33225,10.49976,10.82539,11.06188,11.16066,11.25025,11.32613,..,..,..
Marshall Islands,MHL,"UIS: Mean years of schooling (ISCED 1 or higher), population 25+ years, both sexes",UIS.EA.MEAN.1T6.AG25T99,..,..,..,..,..,..,..,..,..,..,..,..,..,..,..,..,..,..,..,..,..,..,..,..,..,..,..,..,..,..,..,..,..,..,..,..,..,..,..,..,..,10.88865,..,..,..,..,..,..,..,..
Mauritania,MRT,"UIS: Mean years of schooling (ISCED 1 or higher), population 25+ years, both sexes",UIS.EA.MEAN.1T6.AG25T99,..,..,..,..,..,..,..,..,..,..,..,..,..,..,..,..,..,..,2.48047,..,..,..,..,..,..,..,..,..,..,..,..,..,..,..,..,..,..,..,..,..,..,..,..,..,..,..,..,..,..,..
Mauritius,MUS,"UIS: Mean years of schooling (ISCED 1 or higher), population 25+ years, both sexes",UIS.EA.MEAN.1T6.AG25T99,..,..,3.59271,..,..,..,..,..,..,..,..,..,..,5.20374,..,..,..,..,..,..,5.71354,..,..,..,..,..,..,..,..,..,6.29631,..,..,..,..,..,..,..,..,..,..,8.52007,..,..,..,..,..,..,..,..
Mexico,MEX,"UIS: Mean years of schooling (ISCED 1 or higher), population 25+ years, both sexes",UIS.EA.MEAN.1T6.AG25T99,..,..,..,..,..,..,..,..,..,..,4.11441,..,..,..,..,..,..,..,..,..,6.03074,..,..,..,..,..,..,..,..,..,6.74018,..,..,..,7.39369,7.58733,7.99745,8.00439,8.07094,8.2673,8.01389,..,8.60338,8.3675,8.41339,8.61576,8.61157,8.75461,8.94582,..
Moldova,MDA,"UIS: Mean years of schooling (ISCED 1 or higher), population 25+ years, both sexes",UIS.EA.MEAN.1T6.AG25T99,..,..,..,..,..,..,..,..,..,..,..,..,..,..,..,..,..,..,..,8.16071,..,..,..,..,..,..,..,..,..,..,..,..,..,..,..,..,..,10.87739,10.9772,11.07614,11.10973,11.18392,11.48515,11.63546,11.70448,11.70817,..,..,..,..
Monaco,MCO,"UIS: Mean years of schooling (ISCED 1 or higher), population 25+ years, both sexes",UIS.EA.MEAN.1T6.AG25T99,..,..,..,..,..,8.65288,..,..,..,..,..,..,..,..,..,..,..,..,..,..,..,..,..,..,..,..,..,..,..,..,..,..,..,..,..,..,..,..,..,..,..,..,..,..,..,..,..,..,..,..
Mongolia,MNG,"UIS: Mean years of schooling (ISCED 1 or higher), population 25+ years, both sexes",UIS.EA.MEAN.1T6.AG25T99,..,..,..,..,..,..,..,..,..,..,..,..,..,..,..,..,..,..,..,..,..,..,..,..,..,..,..,..,..,..,9.22656,..,..,..,..,..,..,..,..,..,10.12979,..,..,..,..,..,..,..,..,..
Montenegro,MNE,"UIS: Mean years of schooling (ISCED 1 or higher), population 25+ years, both sexes",UIS.EA.MEAN.1T6.AG25T99,..,..,..,..,..,..,..,..,..,..,..,..,..,..,..,..,..,..,..,..,..,..,..,..,..,..,..,..,..,..,..,..,..,10.52405,..,..,..,..,..,..,..,11.32304,..,..,..,..,..,..,..,..
Morocco,MAR,"UIS: Mean years of schooling (ISCED 1 or higher), population 25+ years, both sexes",UIS.EA.MEAN.1T6.AG25T99,..,..,..,..,..,..,..,..,..,..,..,..,..,..,..,..,..,..,..,..,..,..,..,..,..,..,..,..,..,..,..,..,..,..,..,..,..,..,..,..,..,..,..,..,..,..,..,..,..,..
Mozambique,MOZ,"UIS: Mean years of schooling (ISCED 1 or higher), population 25+ years, both sexes",UIS.EA.MEAN.1T6.AG25T99,..,..,..,..,..,..,..,..,..,..,0.77457,..,..,..,..,..,..,..,..,..,..,..,..,..,..,..,..,..,..,..,..,..,..,..,..,..,..,..,..,..,..,2.632,..,..,..,3.20018,..,3.06514,..,..
Myanmar,MMR,"UIS: Mean years of schooling (ISCED 1 or higher), population 25+ years, both sexes",UIS.EA.MEAN.1T6.AG25T99,..,..,..,1.35765,..,..,..,..,..,..,..,..,..,2.80525,..,..,..,..,..,..,..,..,..,..,..,..,..,..,..,..,..,..,..,..,..,..,..,..,..,..,..,..,..,..,..,..,..,..,..,..
Namibia,NAM,"UIS: Mean years of schooling (ISCED 1 or higher), population 25+ years, both sexes",UIS.EA.MEAN.1T6.AG25T99,..,..,..,..,..,..,..,..,..,..,..,..,..,..,..,..,..,..,..,..,..,..,..,..,..,..,..,..,..,..,..,5.8054,..,..,..,..,..,..,..,..,..,..,..,..,..,..,..,..,..,..
Nepal,NPL,"UIS: Mean years of schooling (ISCED 1 or higher), population 25+ years, both sexes",UIS.EA.MEAN.1T6.AG25T99,..,0.24425,..,..,..,..,..,..,..,..,..,0.64665,..,..,..,..,..,..,..,..,..,..,..,..,..,..,..,..,..,..,..,3.61412,..,..,..,..,..,..,..,..,..,3.49558,..,..,..,..,..,..,..,..
Netherlands,NLD,"UIS: Mean years of schooling (ISCED 1 or higher), population 25+ years, both sexes",UIS.EA.MEAN.1T6.AG25T99,..,8.40696,..,..,..,..,..,..,..,..,..,..,..,..,..,..,..,..,..,..,..,..,..,..,..,..,..,..,..,..,..,..,..,..,11.94569,11.83306,..,12.04392,11.95797,11.98908,12.03651,12.01056,12.10139,12.15005,12.18221,12.22524,12.27665,..,12.4148,..
New Caledonia,NCL,"UIS: Mean years of schooling (ISCED 1 or higher), population 25+ years, both sexes",UIS.EA.MEAN.1T6.AG25T99,..,..,..,..,..,..,..,..,..,..,..,..,..,..,..,..,..,..,..,..,..,..,..,..,..,..,..,..,..,..,..,..,..,..,..,..,..,..,..,..,..,..,..,..,..,..,..,..,..,..
New Zealand,NZL,"UIS: Mean years of schooling (ISCED 1 or higher), population 25+ years, both sexes",UIS.EA.MEAN.1T6.AG25T99,..,..,..,..,..,..,..,..,..,..,..,9.94913,..,..,..,..,..,..,..,..,..,11.32501,..,..,..,..,..,..,..,..,..,13.37787,..,..,..,..,13.4615,..,..,..,..,12.92243,12.91901,..,13.2959,13.25417,13.12645,..,..,..
Nicaragua,NIC,"UIS: Mean years of schooling (ISCED 1 or higher), population 25+ years, both sexes",UIS.EA.MEAN.1T6.AG25T99,..,..,..,..,..,..,..,..,..,..,..,..,..,..,..,..,..,..,..,..,..,..,..,..,..,..,..,..,..,..,..,..,..,..,..,..,..,..,..,..,..,..,..,..,..,..,..,..,..,..
Niger,NER,"UIS: Mean years of schooling (ISCED 1 or higher), population 25+ years, both sexes",UIS.EA.MEAN.1T6.AG25T99,..,..,..,..,..,..,..,0.45765,..,..,..,..,..,..,..,..,..,..,..,..,..,..,..,..,..,..,..,..,..,..,..,..,..,..,..,..,..,..,..,..,..,..,1.6387,..,..,..,..,..,..,..
Nigeria,NGA,"UIS: Mean years of schooling (ISCED 1 or higher), population 25+ years, both sexes",UIS.EA.MEAN.1T6.AG25T99,..,..,..,..,..,..,..,..,..,..,..,..,..,..,..,..,..,..,..,..,..,..,..,..,..,..,..,..,..,..,..,..,..,..,..,..,8.15852,..,..,..,..,..,..,..,..,..,..,..,..,..
North Macedonia,MKD,"UIS: Mean years of schooling (ISCED 1 or higher), population 25+ years, both sexes",UIS.EA.MEAN.1T6.AG25T99,..,..,..,..,..,..,..,..,..,..,..,..,..,..,..,..,..,..,..,..,..,..,..,..,5.36383,..,..,..,..,..,..,..,7.1427,..,..,..,..,..,..,..,..,..,..,..,..,..,..,..,..,..
Norway,NOR,"UIS: Mean years of schooling (ISCED 1 or higher), population 25+ years, both sexes",UIS.EA.MEAN.1T6.AG25T99,9.04543,..,..,..,..,9.2199,..,..,..,..,9.60495,..,..,..,..,..,..,..,..,..,11.26704,..,..,..,..,..,..,..,..,..,..,..,..,..,12.22725,12.28176,12.36614,12.40898,12.48221,12.50294,12.54957,12.60601,..,..,12.71426,12.77121,12.81906,12.94716,..,..
Oman,OMN,"UIS: Mean years of schooling (ISCED 1 or higher), population 25+ years, both sexes",UIS.EA.MEAN.1T6.AG25T99,..,..,..,..,..,..,..,..,..,..,..,..,..,..,..,..,..,..,..,..,..,..,..,..,..,..,..,..,..,..,..,..,..,6.27965,..,..,..,..,7.99923,..,7.9328,..,..,..,..,9.55618,..,..,..,..
Pakistan,PAK,"UIS: Mean years of schooling (ISCED 1 or higher), population 25+ years, both sexes",UIS.EA.MEAN.1T6.AG25T99,..,..,1.64255,..,..,..,..,..,..,..,..,1.69592,..,..,..,..,..,..,..,..,..,..,..,..,..,..,..,..,..,..,..,..,..,..,..,2.72815,4.58379,..,4.3591,4.53226,4.66407,4.79414,4.82062,4.92937,5.1316,..,5.07043,5.01642,..,..
Palau,PLW,"UIS: Mean years of schooling (ISCED 1 or higher), population 25+ years, both sexes",UIS.EA.MEAN.1T6.AG25T99,..,..,..,..,..,..,..,..,..,..,..,..,..,..,..,..,..,..,..,..,..,..,..,..,..,..,..,..,..,..,..,..,..,..,..,..,..,..,..,..,..,..,..,12.88301,..,..,..,..,..,..
Panama,PAN,"UIS: Mean years of schooling (ISCED 1 or higher), population 25+ years, both sexes",UIS.EA.MEAN.1T6.AG25T99,4.92081,..,..,..,..,..,..,..,..,..,6.00587,..,..,..,..,..,..,..,..,..,7.50701,..,..,..,..,..,..,..,..,..,7.9634,..,..,..,..,..,..,..,..,..,9.29241,..,..,..,..,..,..,..,..,..
Papua New Guinea,PNG,"UIS: Mean years of schooling (ISCED 1 or higher), population 25+ years, both sexes",UIS.EA.MEAN.1T6.AG25T99,..,..,..,..,..,..,..,..,..,..,..,..,..,..,..,..,..,..,..,..,..,..,..,..,..,..,..,..,..,..,..,..,..,..,..,..,..,..,..,..,..,..,..,..,..,..,..,..,..,..
Paraguay,PRY,"UIS: Mean years of schooling (ISCED 1 or higher), population 25+ years, both sexes",UIS.EA.MEAN.1T6.AG25T99,..,..,3.75589,..,..,..,..,..,..,..,..,..,4.67755,..,..,..,..,..,..,..,..,..,5.88984,..,..,..,..,..,..,..,..,..,..,7.00184,..,7.35234,7.07407,7.16299,7.40083,6.98513,..,..,7.8202,8.35537,8.31,8.58692,8.41666,..,8.6535,..
Peru,PER,"UIS: Mean years of schooling (ISCED 1 or higher), population 25+ years, both sexes",UIS.EA.MEAN.1T6.AG25T99,..,..,3.93813,..,..,..,..,..,..,..,..,5.80837,..,..,..,..,..,..,..,..,..,..,..,7.68687,..,..,..,..,..,..,..,..,..,..,8.75298,8.12389,8.1389,8.41307,8.41348,8.45004,9.1244,9.15104,9.35734,9.40111,9.13771,9.08603,..,..,9.69633,..
Philippines,PHL,"UIS: Mean years of schooling (ISCED 1 or higher), population 25+ years, both sexes",UIS.EA.MEAN.1T6.AG25T99,5.01549,..,..,..,..,5.69252,..,..,..,..,6.36226,..,..,..,..,..,..,..,..,..,7.5043,..,..,..,..,..,..,..,..,..,7.70076,..,..,..,9.04151,..,..,..,9.01943,..,8.91674,..,..,9.14894,..,..,..,8.45226,..,..
Poland,POL,"UIS: Mean years of schooling (ISCED 1 or higher), population 25+ years, both sexes",UIS.EA.MEAN.1T6.AG25T99,6.54705,..,..,..,..,..,..,..,7.70752,..,..,..,..,..,..,..,..,..,8.91013,..,..,..,..,..,..,..,..,..,..,..,..,..,11.69895,..,..,..,..,..,12.02899,12.1916,12.15227,12.38263,12.60952,12.94171,13.00774,..,13.18436,..,..,..
Portugal,PRT,"UIS: Mean years of schooling (ISCED 1 or higher), population 25+ years, both sexes",UIS.EA.MEAN.1T6.AG25T99,3.24042,..,..,..,..,..,..,..,..,..,..,4.20238,..,..,..,..,..,..,..,..,..,5.37824,..,..,..,..,..,..,6.59954,6.64785,6.7247,6.81446,6.89854,7.07635,7.30763,7.41059,7.52888,7.582,7.68958,7.83082,7.95701,8.16437,8.37368,8.52837,8.99254,9.11153,9.24068,9.34347,9.26347,..
Puerto Rico,PRI,"UIS: Mean years of schooling (ISCED 1 or higher), population 25+ years, both sexes",UIS.EA.MEAN.1T6.AG25T99,6.9344,..,..,..,..,..,..,..,..,..,9.10142,..,..,..,..,..,..,..,..,..,9.90314,..,..,..,..,..,..,..,..,..,11.55134,..,..,..,..,12.69629,12.65973,12.84613,12.87604,..,..,12.56311,12.31373,..,..,..,..,12.88085,..,..
Qatar,QAT,"UIS: Mean years of schooling (ISCED 1 or higher), population 25+ years, both sexes",UIS.EA.MEAN.1T6.AG25T99,..,..,..,..,..,..,..,..,..,..,..,..,..,..,..,..,5.14781,..,..,..,..,..,..,..,..,..,..,..,..,..,..,..,..,..,8.42911,..,..,9.62971,9.71914,9.27964,8.44116,8.76461,9.24289,9.92671,9.84677,..,9.66884,9.73144,..,..
Romania,ROU,"UIS: Mean years of schooling (ISCED 1 or higher), population 25+ years, both sexes",UIS.EA.MEAN.1T6.AG25T99,..,..,..,..,..,..,..,6.96553,..,..,..,..,..,..,..,..,..,..,..,..,..,..,8.20248,..,..,..,..,..,..,..,..,..,9.6305,..,..,..,..,10.53563,10.61683,10.63628,10.67233,10.79208,10.88644,10.94982,10.9496,10.90831,11.00392,11.0708,..,..
Russian Federation,RUS,"UIS: Mean years of schooling (ISCED 1 or higher), population 25+ years, both sexes",UIS.EA.MEAN.1T6.AG25T99,..,..,..,..,..,..,..,..,..,..,..,..,..,..,..,..,..,..,..,7.74705,..,..,..,..,..,..,..,..,..,..,..,..,12.09673,..,..,..,..,..,..,..,12.40582,..,..,..,..,..,..,..,..,..
Rwanda,RWA,"UIS: Mean years of schooling (ISCED 1 or higher), population 25+ years, both sexes",UIS.EA.MEAN.1T6.AG25T99,..,..,..,..,..,..,..,..,0.99486,..,..,..,..,..,..,..,..,..,..,..,..,..,..,..,..,..,..,..,..,..,..,..,..,..,..,..,..,..,..,..,..,..,3.76698,..,4.05784,..,..,..,4.34057,..
Samoa,WSM,"UIS: Mean years of schooling (ISCED 1 or higher), population 25+ years, both sexes",UIS.EA.MEAN.1T6.AG25T99,..,5.91172,..,..,..,..,7.30915,..,..,..,..,6.43123,..,..,..,..,..,..,..,..,..,..,..,..,..,..,..,..,..,..,..,10.83923,..,..,..,..,..,..,..,..,..,11.8369,..,..,..,..,..,..,..,..
San Marino,SMR,"UIS: Mean years of schooling (ISCED 1 or higher), population 25+ years, both sexes",UIS.EA.MEAN.1T6.AG25T99,..,..,..,..,..,..,..,..,..,..,..,..,..,..,..,..,..,..,..,..,..,..,..,..,..,..,..,..,..,..,..,..,..,..,..,..,..,..,..,..,..,..,..,..,..,..,..,..,10.74603,..
Sao Tome and Principe,STP,"UIS: Mean years of schooling (ISCED 1 or higher), population 25+ years, both sexes",UIS.EA.MEAN.1T6.AG25T99,..,..,..,..,..,..,..,..,..,..,..,1.68393,..,..,..,..,..,..,..,..,..,..,..,..,..,..,..,..,..,..,..,..,..,..,..,..,..,..,..,..,..,..,5.98449,..,..,..,..,..,..,..
Saudi Arabia,SAU,"UIS: Mean years of schooling (ISCED 1 or higher), population 25+ years, both sexes",UIS.EA.MEAN.1T6.AG25T99,..,..,..,..,..,..,..,..,..,..,..,..,..,..,..,..,..,..,..,..,..,..,..,..,..,..,..,..,..,..,6.69295,..,..,..,7.60631,..,..,..,..,..,..,..,..,9.66341,..,..,..,10.22517,..,..
Senegal,SEN,"UIS: Mean years of schooling (ISCED 1 or higher), population 25+ years, both sexes",UIS.EA.MEAN.1T6.AG25T99,..,..,..,..,..,..,..,..,..,..,..,..,..,..,..,..,..,..,..,..,..,..,..,..,..,..,..,..,..,..,..,..,..,..,..,..,1.53828,..,..,..,..,2.38971,..,2.78914,..,..,..,2.84401,..,..
Serbia,SRB,"UIS: Mean years of schooling (ISCED 1 or higher), population 25+ years, both sexes",UIS.EA.MEAN.1T6.AG25T99,..,..,..,..,..,..,..,..,..,..,..,..,..,..,..,..,..,..,..,..,..,..,..,..,..,..,..,..,..,..,..,..,7.69538,..,..,..,..,..,10.23721,10.30457,10.37371,10.57171,..,10.56494,10.72058,11.01757,11.1301,11.1624,..,..
Seychelles,SYC,"UIS: Mean years of schooling (ISCED 1 or higher), population 25+ years, both sexes",UIS.EA.MEAN.1T6.AG25T99,..,4.19769,..,..,..,..,..,..,..,..,..,..,..,..,..,..,..,6.94632,..,..,..,..,..,..,..,..,..,..,..,..,..,..,10.38537,..,..,..,..,..,..,..,..,..,..,..,..,..,..,..,..,..
Sierra Leone,SLE,"UIS: Mean years of schooling (ISCED 1 or higher), population 25+ years, both sexes",UIS.EA.MEAN.1T6.AG25T99,..,..,..,..,..,..,..,..,..,..,..,..,..,..,..,..,..,..,..,..,..,..,..,..,..,..,..,..,..,..,..,..,..,..,..,..,..,..,..,..,..,..,..,..,..,..,..,..,..,..
Singapore,SGP,"UIS: Mean years of schooling (ISCED 1 or higher), population 25+ years, both sexes",UIS.EA.MEAN.1T6.AG25T99,..,..,..,..,..,..,..,..,..,..,3.87155,..,..,..,..,..,..,..,..,..,7.96013,..,..,..,..,7.987,..,..,..,..,..,..,..,..,..,10.5963,10.47687,10.25053,10.53277,10.54429,10.98244,11.05215,11.07081,11.2085,11.2757,11.62752,11.64641,11.39785,11.62461,..
Slovak Republic,SVK,"UIS: Mean years of schooling (ISCED 1 or higher), population 25+ years, both sexes",UIS.EA.MEAN.1T6.AG25T99,..,..,..,..,..,..,..,..,..,..,..,..,..,..,..,..,..,..,..,..,..,7.90442,..,..,..,..,..,..,..,..,..,9.06105,..,..,..,..,..,..,..,..,..,12.38353,12.15897,12.21432,12.58071,12.78379,12.87209,12.9329,..,..
Slovenia,SVN,"UIS: Mean years of schooling (ISCED 1 or higher), population 25+ years, both sexes",UIS.EA.MEAN.1T6.AG25T99,..,..,..,..,..,..,..,..,..,..,..,..,..,..,..,..,..,..,..,..,..,7.52406,..,..,..,..,..,..,..,..,..,..,..,..,12.02882,11.75664,11.88993,11.82991,11.98996,12.10779,12.14363,12.2865,12.35916,12.46312,12.51229,12.65874,12.74503,12.77084,..,..
Somalia,SOM,"UIS: Mean years of schooling (ISCED 1 or higher), population 25+ years, both sexes",UIS.EA.MEAN.1T6.AG25T99,..,..,..,..,..,..,..,..,..,..,..,..,..,..,..,..,..,..,..,..,..,..,..,..,..,..,..,..,..,..,..,..,..,..,..,..,..,..,..,..,..,..,..,..,..,..,..,..,..,..
South Africa,ZAF,"UIS: Mean years of schooling (ISCED 1 or higher), population 25+ years, both sexes",UIS.EA.MEAN.1T6.AG25T99,4.5772,..,..,..,..,..,..,..,..,..,4.8961,..,..,..,..,4.93038,..,..,..,..,..,..,..,..,..,..,..,..,..,..,..,7.4946,8.54534,8.78622,8.84754,8.92031,8.97118,9.09752,9.23829,9.6292,9.70024,9.72441,9.97053,..,10.18879,10.27425,..,10.15481,..,..
South Sudan,SSD,"UIS: Mean years of schooling (ISCED 1 or higher), population 25+ years, both sexes",UIS.EA.MEAN.1T6.AG25T99,..,..,..,..,..,..,..,..,..,..,..,..,..,..,..,..,..,..,..,..,..,..,..,..,..,..,..,..,..,..,..,..,..,..,..,..,..,..,5.72866,..,..,..,..,..,..,..,..,..,..,..
Spain,ESP,"UIS: Mean years of schooling (ISCED 1 or higher), population 25+ years, both sexes",UIS.EA.MEAN.1T6.AG25T99,4.70552,..,..,..,..,..,..,..,..,..,..,4.93186,..,..,..,..,5.36625,..,..,..,..,7.19994,..,..,..,..,..,..,..,..,..,..,..,..,8.6824,8.97228,9.07983,9.17283,9.23923,9.30418,9.4173,9.54001,9.56764,..,9.7813,9.97406,10.11584,..,10.25178,..
Sri Lanka,LKA,"UIS: Mean years of schooling (ISCED 1 or higher), population 25+ years, both sexes",UIS.EA.MEAN.1T6.AG25T99,..,4.745,..,..,..,..,..,..,..,..,..,5.68308,..,..,..,..,..,..,..,..,..,..,..,..,..,..,..,..,..,..,..,10.19152,..,..,..,..,..,..,10.1275,10.22284,..,..,..,..,..,..,10.49987,10.56993,10.63257,..
St. Kitts and Nevis,KNA,"UIS: Mean years of schooling (ISCED 1 or higher), population 25+ years, both sexes",UIS.EA.MEAN.1T6.AG25T99,5.61786,..,..,..,..,..,..,..,..,..,7.45481,..,..,..,..,..,..,..,..,..,..,..,..,..,..,..,..,..,..,..,..,..,..,..,..,..,..,..,..,..,..,..,..,..,..,..,..,..,..,..
St. Lucia,LCA,"UIS: Mean years of schooling (ISCED 1 or higher), population 25+ years, both sexes",UIS.EA.MEAN.1T6.AG25T99,4.11655,..,..,..,..,..,..,..,..,..,4.85582,..,..,..,..,..,..,..,..,..,..,8.13855,..,..,..,..,..,..,..,..,..,..,..,..,..,..,..,..,..,..,8.38092,..,..,8.40069,..,..,..,..,..,..
St. Vincent and the Grenadines,VCT,"UIS: Mean years of schooling (ISCED 1 or higher), population 25+ years, both sexes",UIS.EA.MEAN.1T6.AG25T99,5.45494,..,..,..,..,..,..,..,..,..,5.94577,..,..,..,..,..,..,..,..,..,..,..,..,..,..,..,..,..,..,..,..,..,..,..,..,..,..,..,..,..,..,..,..,..,..,..,..,10.83892,..,..
Sudan,SDN,"UIS: Mean years of schooling (ISCED 1 or higher), population 25+ years, both sexes",UIS.EA.MEAN.1T6.AG25T99,..,..,..,..,..,..,..,..,..,..,..,..,..,1.3926,..,..,..,..,..,..,..,..,..,..,..,..,..,..,..,..,..,..,..,..,..,..,..,..,..,..,..,..,..,..,..,..,..,..,..,..
Suriname,SUR,"UIS: Mean years of schooling (ISCED 1 or higher), population 25+ years, both sexes",UIS.EA.MEAN.1T6.AG25T99,..,..,..,..,..,..,..,..,..,..,..,..,..,..,..,..,..,..,..,..,..,..,..,..,..,..,..,..,..,..,..,..,..,..,7.72181,..,..,..,..,..,..,..,9.09023,..,..,..,..,..,..,..
Sweden,SWE,"UIS: Mean years of schooling (ISCED 1 or higher), population 25+ years, both sexes",UIS.EA.MEAN.1T6.AG25T99,6.52849,..,..,..,9.27997,..,..,..,..,9.98742,..,..,..,..,..,..,10.26398,10.37518,10.4839,10.58759,10.73896,10.83644,11.06051,11.19096,11.29425,11.41842,..,..,..,..,..,..,..,..,12.33368,12.41897,12.49553,12.56918,12.23003,12.30324,12.37422,12.44621,12.51634,12.30193,12.3648,12.42627,12.48744,12.54847,..,..
Switzerland,CHE,"UIS: Mean years of schooling (ISCED 1 or higher), population 25+ years, both sexes",UIS.EA.MEAN.1T6.AG25T99,..,..,..,..,..,..,..,..,..,..,7.57074,..,..,..,..,..,..,..,..,..,..,..,..,..,..,..,..,..,..,..,..,..,..,..,..,..,..,..,..,13.4012,13.38566,13.38748,13.47819,..,13.92457,14.00355,13.95618,..,..,..
Syrian Arab Republic,SYR,"UIS: Mean years of schooling (ISCED 1 or higher), population 25+ years, both sexes",UIS.EA.MEAN.1T6.AG25T99,1.83573,..,..,..,..,..,..,..,..,..,..,..,..,..,..,..,..,..,..,..,..,..,..,..,..,..,..,..,..,..,..,..,4.73735,..,..,..,..,6.62552,6.20461,6.50089,..,..,..,..,..,..,..,..,..,..
Tajikistan,TJK,"UIS: Mean years of schooling (ISCED 1 or higher), population 25+ years, both sexes",UIS.EA.MEAN.1T6.AG25T99,..,..,..,..,..,..,..,..,..,..,..,..,..,..,..,..,..,..,..,8.79152,..,..,..,..,..,..,..,..,..,..,10.82551,..,..,..,..,..,..,..,..,..,..,..,..,..,..,..,..,11.36633,..,..
Tanzania,TZA,"UIS: Mean years of schooling (ISCED 1 or higher), population 25+ years, both sexes",UIS.EA.MEAN.1T6.AG25T99,..,..,..,..,..,..,..,..,..,..,..,..,..,..,..,..,..,..,..,..,..,..,..,..,..,..,..,..,..,..,..,..,4.29875,..,..,..,..,..,..,..,..,..,5.45327,..,..,..,..,..,..,..
Thailand,THA,"UIS: Mean years of schooling (ISCED 1 or higher), population 25+ years, both sexes",UIS.EA.MEAN.1T6.AG25T99,3.84008,..,..,..,..,..,..,..,..,..,3.75384,..,..,..,..,..,..,..,..,..,..,..,..,..,..,..,..,..,..,..,..,..,..,..,7.31288,..,7.08319,..,..,..,7.71917,..,..,7.90011,..,..,7.9391,..,8.45102,..
Timor-Leste,TLS,"UIS: Mean years of schooling (ISCED 1 or higher), population 25+ years, both sexes",UIS.EA.MEAN.1T6.AG25T99,..,..,..,..,..,..,..,..,..,..,..,..,..,..,..,..,..,..,..,..,..,..,..,..,..,..,..,..,..,..,..,..,..,..,..,..,..,..,..,..,..,..,..,..,..,..,..,..,..,..
Togo,TGO,"UIS: Mean years of schooling (ISCED 1 or higher), population 25+ years, both sexes",UIS.EA.MEAN.1T6.AG25T99,0.49629,..,..,..,..,..,..,..,..,..,..,..,..,..,..,..,..,..,..,..,..,..,..,..,..,..,..,..,..,..,..,..,..,..,..,..,..,..,..,4.11005,..,3.65156,..,..,..,..,..,..,..,..
Tonga,TON,"UIS: Mean years of schooling (ISCED 1 or higher), population 25+ years, both sexes",UIS.EA.MEAN.1T6.AG25T99,..,..,..,..,..,..,..,..,..,..,..,..,..,..,..,..,7.76667,..,..,..,..,..,..,..,..,..,10.11681,..,..,..,..,..,..,..,..,..,9.87922,..,..,..,..,10.92791,..,..,..,..,..,..,..,..
Trinidad and Tobago,TTO,"UIS: Mean years of schooling (ISCED 1 or higher), population 25+ years, both sexes",UIS.EA.MEAN.1T6.AG25T99,5.5729,..,..,..,..,..,..,..,..,..,6.91993,..,..,..,..,..,..,..,..,..,7.29217,..,..,..,..,..,..,..,..,..,..,..,..,..,..,..,..,..,10.73842,10.74365,..,10.55661,..,..,..,..,..,..,..,..
Tunisia,TUN,"UIS: Mean years of schooling (ISCED 1 or higher), population 25+ years, both sexes",UIS.EA.MEAN.1T6.AG25T99,..,..,..,..,..,1.3544,..,..,..,..,2.08785,..,..,..,2.67864,..,..,..,..,..,..,..,..,..,..,..,..,..,..,..,..,..,..,..,..,..,..,..,6.36185,..,6.70267,6.88022,6.76057,..,..,..,7.22022,..,..,..
Turkey,TUR,"UIS: Mean years of schooling (ISCED 1 or higher), population 25+ years, both sexes",UIS.EA.MEAN.1T6.AG25T99,..,..,..,..,..,2.16953,..,..,..,..,2.71995,..,..,..,..,3.82151,..,..,..,..,..,..,..,..,..,..,..,..,..,..,..,..,..,..,5.96347,6.08772,6.18423,6.27093,6.53797,6.72474,7.25812,7.54283,7.67973,7.637,7.80071,7.965,8.10682,8.27803,..,..
Turkmenistan,TKM,"UIS: Mean years of schooling (ISCED 1 or higher), population 25+ years, both sexes",UIS.EA.MEAN.1T6.AG25T99,..,..,..,..,..,..,..,..,..,..,..,..,..,..,..,..,..,..,..,..,..,..,..,..,..,10.97698,..,..,..,..,..,..,..,..,..,..,..,..,..,..,..,..,..,..,..,..,..,..,..,..
Turks and Caicos Islands,TCA,"UIS: Mean years of schooling (ISCED 1 or higher), population 25+ years, both sexes",UIS.EA.MEAN.1T6.AG25T99,5.53185,..,..,..,..,..,..,..,..,..,6.23603,..,..,..,..,..,..,..,..,..,..,..,..,..,..,..,..,..,..,..,..,..,..,..,..,..,..,..,..,..,..,..,..,..,..,..,..,..,..,..
Tuvalu,TUV,"UIS: Mean years of schooling (ISCED 1 or higher), population 25+ years, both sexes",UIS.EA.MEAN.1T6.AG25T99,..,..,..,..,..,..,..,..,..,..,..,..,..,..,..,..,..,..,..,..,..,7.2546,..,..,..,..,..,..,..,..,..,..,..,..,..,..,..,..,..,..,..,..,..,..,..,..,..,..,..,..
Uganda,UGA,"UIS: Mean years of schooling (ISCED 1 or higher), population 25+ years, both sexes",UIS.EA.MEAN.1T6.AG25T99,..,..,..,..,..,..,..,..,..,..,..,..,..,..,..,..,..,..,..,..,..,3.47498,..,..,..,..,..,..,..,..,..,..,4.16364,..,..,..,..,..,5.15433,..,5.6587,..,5.12872,..,..,..,..,..,..,..
Ukraine,UKR,"UIS: Mean years of schooling (ISCED 1 or higher), population 25+ years, both sexes",UIS.EA.MEAN.1T6.AG25T99,5.83163,..,..,..,..,..,..,..,..,..,..,..,..,..,..,..,..,..,..,..,..,..,..,..,..,..,..,..,..,..,..,11.09939,..,..,..,..,..,..,..,..,..,..,..,..,..,..,..,..,..,..
United Arab Emirates,ARE,"UIS: Mean years of schooling (ISCED 1 or higher), population 25+ years, both sexes",UIS.EA.MEAN.1T6.AG25T99,..,..,..,..,..,2.97648,..,..,..,..,..,..,..,..,..,..,..,..,..,..,..,..,..,..,..,..,..,..,..,..,..,..,..,..,..,9.10385,..,..,..,..,..,..,..,..,..,..,10.92346,12.11122,12.54852,..
United Kingdom,GBR,"UIS: Mean years of schooling (ISCED 1 or higher), population 25+ years, both sexes",UIS.EA.MEAN.1T6.AG25T99,..,13.22399,..,..,..,..,..,..,..,..,..,..,..,..,..,..,..,..,..,..,..,..,..,..,..,..,..,..,..,..,..,..,..,..,..,..,..,..,..,13.25646,13.3929,13.36426,13.53602,12.88665,12.94487,..,..,13.24287,..,..
United States,USA,"UIS: Mean years of schooling (ISCED 1 or higher), population 25+ years, both sexes",UIS.EA.MEAN.1T6.AG25T99,11.18435,..,..,..,..,12.14711,..,..,..,12.4858,12.49733,12.56542,..,..,..,..,..,..,..,..,12.68311,..,..,..,12.88613,..,..,..,..,..,..,..,..,..,13.04888,13.05244,13.14373,..,13.22747,13.24579,13.2948,13.35084,13.3939,13.26538,13.28915,13.32078,13.41344,..,13.75368,..
Uruguay,URY,"UIS: Mean years of schooling (ISCED 1 or higher), population 25+ years, both sexes",UIS.EA.MEAN.1T6.AG25T99,..,..,..,..,..,5.77482,..,..,..,..,..,..,..,..,..,7.03496,..,..,..,..,..,..,..,..,..,..,7.52452,..,..,..,..,..,..,8.95977,..,..,8.05026,..,8.42598,8.42712,8.38086,8.46648,8.54098,8.53611,8.62804,8.68426,8.71883,8.84796,8.92573,..
Uzbekistan,UZB,"UIS: Mean years of schooling (ISCED 1 or higher), population 25+ years, both sexes",UIS.EA.MEAN.1T6.AG25T99,..,..,..,..,..,..,..,..,..,..,..,..,..,..,..,..,..,..,..,..,..,..,..,..,..,..,..,..,..,..,..,..,..,..,..,..,..,..,..,..,..,..,..,11.29974,11.37418,11.38843,11.70572,..,11.8072,..
Vanuatu,VUT,"UIS: Mean years of schooling (ISCED 1 or higher), population 25+ years, both sexes",UIS.EA.MEAN.1T6.AG25T99,..,..,..,..,..,..,..,..,..,..,..,..,..,..,..,..,..,..,..,..,..,..,..,..,..,..,..,..,..,..,..,..,..,..,..,..,..,..,..,..,..,..,..,..,..,..,..,..,..,..
"Venezuela, RB",VEN,"UIS: Mean years of schooling (ISCED 1 or higher), population 25+ years, both sexes",UIS.EA.MEAN.1T6.AG25T99,..,3.26379,..,..,..,..,..,..,..,..,..,5.39679,..,..,..,..,..,..,..,..,5.42139,..,..,..,..,..,..,..,..,..,..,..,..,..,..,..,7.60344,8.08774,8.24169,8.36523,..,8.95748,..,..,..,9.63584,10.30728,..,..,..
Vietnam,VNM,"UIS: Mean years of schooling (ISCED 1 or higher), population 25+ years, both sexes",UIS.EA.MEAN.1T6.AG25T99,..,..,..,..,..,..,..,..,..,6.47045,..,..,..,..,..,..,..,..,..,4.04105,..,..,..,..,..,..,..,..,..,..,..,..,..,..,..,..,..,..,..,7.60819,..,..,..,..,..,..,..,..,..,..
West Bank and Gaza,PSE,"UIS: Mean years of schooling (ISCED 1 or higher), population 25+ years, both sexes",UIS.EA.MEAN.1T6.AG25T99,..,..,..,..,..,..,..,..,..,..,..,..,..,..,..,..,..,..,..,..,..,..,..,..,..,..,..,..,..,..,..,..,..,..,7.68986,..,7.90361,8.0871,8.19236,8.51056,8.56935,8.79638,9.07908,8.88092,8.92237,9.08547,9.16551,..,9.53342,..
"Yemen, Rep.",YEM,"UIS: Mean years of schooling (ISCED 1 or higher), population 25+ years, both sexes",UIS.EA.MEAN.1T6.AG25T99,..,..,..,..,..,..,..,..,..,..,..,..,..,..,..,..,..,..,..,..,..,..,..,..,..,..,..,..,..,..,..,..,..,..,..,..,..,..,..,..,..,..,..,..,..,..,..,..,..,..
Zambia,ZMB,"UIS: Mean years of schooling (ISCED 1 or higher), population 25+ years, both sexes",UIS.EA.MEAN.1T6.AG25T99,..,..,..,..,..,..,..,..,..,..,3.41741,..,..,..,..,..,..,..,..,..,4.48161,..,..,..,..,..,..,..,..,..,..,..,..,..,..,..,..,..,..,..,..,..,..,..,..,..,..,..,..,..
Zimbabwe,ZWE,"UIS: Mean years of schooling (ISCED 1 or higher), population 25+ years, both sexes",UIS.EA.MEAN.1T6.AG25T99,..,..,..,..,..,..,..,..,..,..,..,..,..,..,..,..,..,..,..,..,..,..,5.74254,..,..,..,..,..,..,..,..,..,6.86474,..,..,..,..,..,..,..,..,..,7.89256,..,8.2014,..,..,8.4668,..,..
,,,,,,,,,,,,,,,,,,,,,,,,,,,,,,,,,,,,,,,,,,,,,,,,,,,,,
,,,,,,,,,,,,,,,,,,,,,,,,,,,,,,,,,,,,,,,,,,,,,,,,,,,,,
,,,,,,,,,,,,,,,,,,,,,,,,,,,,,,,,,,,,,,,,,,,,,,,,,,,,,
Data from database: Education Statistics: Education Attainment,,,,,,,,,,,,,,,,,,,,,,,,,,,,,,,,,,,,,,,,,,,,,,,,,,,,,
Last Updated: 12/15/2020,,,,,,,,,,,,,,,,,,,,,,,,,,,,,,,,,,,,,,,,,,,,,,,,,,,,,
